VR	0	B1	2881	R3	FALSE	SP2	TRUE	0	0	0	0	2	0	0	FALSE	0	TRUE		1	2	2	4	0	0	FALSE	FALSE	0	Fc	FALSE	FALSE	4	0	No Card	
AZS	0	R1	6369	R1	FALSE	SP2	TRUE	0	0	0	0	1	0	0	FALSE	0	TRUE		0	5	6	6	0	0	FALSE	FALSE	0	P	FALSE	FALSE	5	0	No Card	
CM	0	R1	4734	R3	FALSE	SP2	TRUE	0	0	0	0	1	0	0	FALSE	0	FALSE		0	0	0	0	0	0	FALSE	FALSE	0	Fc	FALSE	FALSE	1	0	No Card	drive is slow and shaky, cannot align to score
AZS	0	R1	9105	R1	FALSE	SP2	TRUE	0	0	0	0	2	0	0	FALSE	0	TRUE		2	2	2	4	1	1	FALSE	FALSE	0	P	FALSE	FALSE	4	0	No Card	
VR	0	B2	418	R1	FALSE	SP2	TRUE	0	0	0	0	2	0	0	FALSE	0	FALSE		0	0	0	3	0	0	FALSE	FALSE	0	Fc	FALSE	FALSE	3	0	No Card	Outtake may have broken; driver confused?, wrong score spot
VR	0	B1	5417	R3	FALSE	SP2	TRUE	0	0	0	0	2	0	0	FALSE	0	FALSE		0	0	4	4	0	0	FALSE	FALSE	0	No	FALSE	FALSE	4	0	No Card	Missed many shots (alignment)
CM	0	R1	5829	R2	FALSE	SP2	TRUE	0	0	0	0	0	0	0	FALSE	0	TRUE		0	0	0	2	0	2	FALSE	FALSE	0	Dc	FALSE	FALSE	3	0	No Card	
AZS	0	R1	9105	R1	FALSE	SP2	TRUE	0	0	0	0	2	0	0	FALSE	0	TRUE		2	2	2	4	1	1	FALSE	FALSE	0	P	FALSE	FALSE	4	0	No Card	
CM	1	R2	2714	R3	FALSE	SP2	TRUE	0	0	0	0	1	0	0	FALSE	0	FALSE		3	1	3	2	0	0	FALSE	FALSE	0	Dc	FALSE	FALSE	4	0	No Card	
VR	1	B1	2714	R3	FALSE	SP2	TRUE	0	0	0	0	1	0	0	FALSE	0	FALSE		4	2	3	2	0	0	FALSE	FALSE	0	Dc	FALSE	FALSE	5	0	No Card	
AZS	1	R3	3847	R1	FALSE	SP2	TRUE	0	0	0	0	0	0	0	FALSE	0	TRUE		0	1	1	1	0	0	FALSE	FALSE	0	Dc	FALSE	FALSE	3	0	No Card	They are able to score algae in the barge but they missed 
CM	1	R2	4641	R3	FALSE	SP2	TRUE	0	0	0	0	0	0	0	FALSE	0	FALSE		2	0	0	3	0	0	FALSE	FALSE	0	P	FALSE	FALSE	3	0	No Card	auto align works only sometimes
VR	1	B1	624	R1	FALSE	SP2	TRUE	0	0	0	0	2	0	0	FALSE	0	TRUE	2	1	4	4	3	2	0	FALSE	FALSE	0	Fc	FALSE	FALSE	5	0	No Card	Really good floor intake
AZS	1	R1	4610	R3	FALSE	SP2	TRUE	0	0	0	0	0	0	0	FALSE	0	FALSE		2	0	1	1	0	0	FALSE	FALSE	0	No	FALSE	FALSE	2	0	No Card	
AZS	1	R3	4641	R1	FALSE	SP2	TRUE	0	0	0	0	0	0	0	FALSE	0	FALSE		1	0	0	2	0	0	FALSE	FALSE	0	No	FALSE	FALSE	2	0	No Card	
VR	1	B3	4153	R2	FALSE	SP2	TRUE	0	0	0	0	0	0	0	FALSE	0	FALSE		0	0	0	0	0	0	FALSE	FALSE	0	Dc	FALSE	FALSE	3	0	No Card	Outtake broke?
CM	1	R2	5427	R3	FALSE	SP2	TRUE	0	0	0	0	0	0	0	FALSE	0	TRUE		0	1	1	4	1	0	FALSE	FALSE	0	Dc	FALSE	FALSE	3	0	No Card	
AZS	1	R3	5427	R1	FALSE	SP2	TRUE	0	0	0	0	0	0	0	FALSE	0	TRUE	3	0	0	1	1	1	0	FALSE	FALSE	0	Dc	FALSE	FALSE	3	0	No Card	Arm froze for a long time 
CM	1	R2	5414	R3	FALSE	SP2	TRUE	0	0	0	0	0	0	0	FALSE	0	FALSE		0	0	5	4	0	0	FALSE	FALSE	0	No	FALSE	FALSE	3	0	No Card	
VR	1	B2	5828	R2	FALSE	SP2	TRUE	0	0	0	0	0	0	0	FALSE	0	TRUE		0	2	3	0	0	0	FALSE	FALSE	0	Fc	FALSE	FALSE	3	0	No Card	
CM	1	R2	1296	R2	FALSE	SP2	TRUE	0	0	0	0	0	0	0	FALSE	0	FALSE		1	2	3	5	0	0	FALSE	FALSE	0	Dc	FALSE	FALSE	5	0	No Card	floor intake is really effective 
VR	1	B2	6672	R1	FALSE	SP2	TRUE	0	0	0	0	0	0	0	FALSE	0	FALSE		0	1	2	2	2	0	FALSE	FALSE	0	Dc	FALSE	FALSE	3	0	No Card	
AZS	1	R3	1296	R1	FALSE	SP2	FALSE	0	0	0	0	0	0	0	FALSE	0	TRUE	3	0	2	4	7	0	0	FALSE	FALSE	0	Dc	FALSE	FALSE	5	0	No Card	
CM	0	R2	6974	R3	FALSE	SP2	TRUE	0	0	0	0	0	0	0	FALSE	0	FALSE		5	0	0	0	0	0	FALSE	FALSE	0	No	FALSE	FALSE	3	0	No Card	only L1 75%, failed to hold algae tho
AZS	0	R3	231	R1	FALSE	SP2	TRUE	0	1	0	0	0	0	0	FALSE	0	TRUE		0	0	4	8	0	0	FALSE	FALSE	0	Fc	FALSE	FALSE	4	0	No Card	Intakes coral sideways 
AZS	1	R3	3735	R1	FALSE	SP2	TRUE	0	0	0	0	0	0	0	FALSE	0	FALSE		0	0	3	6	0	0	FALSE	FALSE	0	P	FALSE	FALSE	4	0	No Card	
MT	1	B1	1296	R3	FALSE	SP2	TRUE	0	0	0	0	0	0	0	FALSE	0	TRUE		1	5	2	5	0	0	FALSE	FALSE	0	Dc	FALSE	FALSE	5	0	No Card	No defense attempted. Scored many L4, L3, L2. Auton failed to score.
AO	1	R2	231	R2	FALSE	SP2	TRUE	0	1	0	0	0	0	0	FALSE	0	FALSE	2	0	2	2	3	0	0	FALSE	FALSE	0	Dc	FALSE	FALSE	4	0	No Card	Ground intake, innacurate
CM	1	B3	9492	R1	FALSE	SP2	TRUE	0	1	0	0	1	0	0	FALSE	0	FALSE		3	1	1	2	0	0	FALSE	FALSE	0	No	FALSE	FALSE	3	0	No Card	pretty solid but missed 4 L4»s. died 3/4 way thru
CM	2	B3	9515	R3	FALSE	SP2	TRUE	0	0	0	0	0	0	0	FALSE	0	TRUE		1	0	0	0	1	2	FALSE	FALSE	0	P	FALSE	FALSE	2	0	No Card	algae specialist + some L1
MT	1	B1	1296	R3	FALSE	SP2	TRUE	0	0	0	0	0	0	0	FALSE	0	TRUE		1	5	2	5	0	0	FALSE	FALSE	0	Dc	FALSE	FALSE	5	0	No Card	No defense attempted. Scored many L4, L3, L2. Auton failed to score.
AO	1	R2	231	R2	FALSE	SP2	TRUE	0	1	0	0	0	0	0	FALSE	0	FALSE	2	0	2	2	3	0	0	FALSE	FALSE	0	Dc	FALSE	FALSE	4	0	No Card	Ground intake, innacurate
AO	2	R1	2689	R1	FALSE	SP2	TRUE	0	1	0	0	0	0	0	TRUE	0	FALSE		4	0	0	0	0	2	FALSE	FALSE	0	Dc	FALSE	FALSE	2	0	No Card	L1 and processor sidekick
MT	2	B2	4153	R2	FALSE	SP2	TRUE	0	0	0	0	0	0	0	FALSE	0	FALSE	3	3	1	2	0	0	0	FALSE	FALSE	0	Sc	FALSE	FALSE	4	0	No Card	No defense. Scored many (mostly L1) high hang
HR	2	R1	5431	R3	FALSE	SP2	TRUE	0	0	0	0	0	0	0	TRUE	0	TRUE	2	0	0	0	0	3	0	FALSE	FALSE	0	No	FALSE	FALSE	2	0	No Card	Got coral stuck in the intake and missed a couple algaes. Not a great robot.
AZS	2	B3	4364	R1	FALSE	SP2	TRUE	0	0	0	0	0	0	0	FALSE	0	FALSE	3	0	0	0	0	0	0	TRUE	FALSE	0	P	FALSE	FALSE	1	3	No Card	
HR	3	B3	2582	R3	FALSE	SP2	TRUE	0	0	0	0	0	0	0	FALSE	1	FALSE		0	0	0	4	0	0	FALSE	FALSE	0	No	FALSE	TRUE	2	0	No Card	two coral stuck in chassis during auton and missed a lot of coral. Got stuck on algae
pz	3	B1	9658	R2	FALSE	SP2	TRUE	0	0	0	0	0	0	0	FALSE	0	TRUE		0	2	4	0	0	0	FALSE	FALSE	0	P	FALSE	FALSE	3	0	No Card	scored decent l2 and l3
MT	4	B3	5427	R1	FALSE	SP2	TRUE	0	0	0	0	0	0	0	FALSE	0	FALSE	3	0	0	0	2	0	0	FALSE	FALSE	0	No	FALSE	TRUE	1	0	No Card	Scored very few. No defense. Tipped over. Seemed to have trouble moving.
AZS	3	R1	624	R3	FALSE	SP2	TRUE	0	0	0	0	2	0	0	FALSE	0	FALSE		3	0	4	2	0	0	FALSE	FALSE	0	No	FALSE	FALSE	5	0	No Card	
HR	5	B1	9414	R3	FALSE	SP2	TRUE	0	0	0	0	0	0	0	FALSE	0	TRUE	3	0	0	0	5	0	0	FALSE	FALSE	0	No	FALSE	FALSE	2	0	No Card	Decent but not good. Slow scoring but decent driving Didn»t get auton for that one.
AZS	4	R1	118	R3	FALSE	SP2	TRUE	0	0	0	0	3	0	0	FALSE	0	TRUE		0	2	6	9	1	0	FALSE	FALSE	0	No	FALSE	FALSE	5	0	No Card	
AZS	5	R3	2188	R1	FALSE	SP2	TRUE	0	0	0	0	2	0	0	FALSE	0	FALSE		0	0	0	9	0	0	FALSE	FALSE	0	Dc	FALSE	FALSE	4	0	No Card	
AZS	5	R2	8177	R2	FALSE	SP2	TRUE	0	0	0	0	0	0	0	FALSE	0	TRUE		0	0	4	0	0	0	FALSE	FALSE	0	Dc	FALSE	FALSE	3	0	No Card	Missed several times on L3; great deep climb 
CM	6	R2	8573	R1	FALSE	SP2	TRUE	0	1	0	0	0	0	0	FALSE	0	FALSE		1	0	0	0	0	0	FALSE	FALSE	0	P	FALSE	FALSE	1	0	No Card	their elevator is so slow bruh + coral stuck 
MT	6	R2	8576	R3	FALSE	SP2	TRUE	0	0	0	0	0	0	0	FALSE	0	TRUE		0	0	0	0	5	0	TRUE	FALSE	0	Dc	FALSE	FALSE	4	0	No Card	No defense. Crossed field to get more algae. Scored many algae. Only algae
AO	6	R1	6	R1	FALSE	SP2	TRUE	0	0	0	0	1	0	0	FALSE	0	FALSE	3	0	0	1	4	0	0	FALSE	TRUE	0	Dc	FALSE	FALSE	2	0	No Card	Not great, not terrible. Susceptible to defense
pz	6	B3	418	R3	FALSE	SP2	TRUE	0	0	0	0	1	0	0	FALSE	0	FALSE	3	1	0	0	4	0	0	FALSE	FALSE	0	P	FALSE	FALSE	2	0	No Card	missed 2 l4, robot is having intake issues
AZS	6	R2	9137	R2	FALSE	SP2	FALSE	0	0	0	0	0	0	0	FALSE	0	TRUE		0	4	0	0	0	0	FALSE	TRUE	0	P	FALSE	FALSE	3	0	No Card	
CM	7	R2	2714	R3	FALSE	SP2	TRUE	0	0	0	0	1	0	0	FALSE	0	FALSE		0	3	4	4	0	0	FALSE	FALSE	0	Dc	FALSE	FALSE	4	0	No Card	very solid
MT	7	B2	10518	R2	FALSE	SP2	TRUE	0	0	0	0	0	0	0	FALSE	0	FALSE	3	0	2	0	0	0	0	FALSE	FALSE	0	No	FALSE	FALSE	1	0	No Card	No defense. Scored very few. Slow/did not move much
AO	7	R1	0	R3	FALSE	SP1	TRUE	0	0	0	0	0	0	0	FALSE	0	FALSE	3	0	0	0	4	0	0	FALSE	FALSE	0	Dc	FALSE	FALSE	2	0	No Card	Core L4 consistently, struggle in taking from HPS
pz	7	R2	7312	R1	FALSE	SP2	TRUE	0	0	0	0	0	0	0	FALSE	0	TRUE	3	0	0	0	1	3	0	TRUE	FALSE	0	P	FALSE	FALSE	3	0	No Card	scored barge algae but missed 2, missed auton,
AZS	7	R3	5417	R2	FALSE	SP1	FALSE	0	0	0	0	0	0	0	FALSE	0	FALSE	3	0	0	0	5	0	0	FALSE	FALSE	0	P	FALSE	FALSE	3	0	No Card	Takes a long time to angle shots
CM	8	R2	2158	R2	FALSE	SP2	TRUE	0	0	0	0	0	0	0	FALSE	0	FALSE		10	0	0	0	0	0	FALSE	FALSE	0	No	FALSE	FALSE	2	0	No Card	cracked at floor pickup ¬> L1
AO	8	B2	9515	R2	FALSE	SP2	TRUE	0	0	0	0	0	0	0	FALSE	0	TRUE	1	0	0	0	0	1	0	FALSE	FALSE	0	P	FALSE	FALSE	1	0	No Card	Able to ground intake Algae. Second pick nirvana
VR	8	R2	3035	R3	FALSE	SP2	TRUE	0	0	0	0	2	0	0	FALSE	0	FALSE	3	0	0	1	9	0	0	FALSE	FALSE	0	Dc	FALSE	FALSE	4	0	No Card	
pz	8	R2	3035	R3	FALSE	SP2	TRUE	0	0	0	0	2	0	0	FALSE	0	FALSE	3	0	0	1	9	0	0	FALSE	FALSE	0	Dc	FALSE	FALSE	5	0	No Card	scored 11 l4 deep climb very good l4 robot
AZS	8	R1	2158	R2	FALSE	SP2	TRUE	0	0	0	0	0	0	0	FALSE	0	TRUE	4	12	0	0	0	0	0	FALSE	FALSE	0	P	FALSE	FALSE	4	0	No Card	Very quick cycles 
AZS	9	R1	4364	R2	FALSE	SP2	TRUE	0	0	0	0	0	0	0	FALSE	0	FALSE	3	0	0	0	0	0	0	TRUE	FALSE	0	P	FALSE	FALSE	1	1	No Card	
CM	9	B2	9105	R1	FALSE	SP2	TRUE	0	0	0	0	1	0	0	FALSE	0	TRUE		0	2	6	2	1	1	FALSE	FALSE	0	Dc	FALSE	FALSE	4	0	No Card	
AZS	10	R1	2881	R3	FALSE	SP2	TRUE	0	0	0	0	2	0	0	FALSE	0	TRUE	3	2	1	3	3	0	0	FALSE	FALSE	0	P	FALSE	FALSE	4	0	No Card	
pz	9	R3	9658	R3	FALSE	SP2	TRUE	0	0	0	0	0	0	0	FALSE	0	TRUE		0	5	0	0	0	0	FALSE	FALSE	0	No	FALSE	FALSE	2	0	No Card	scored decent l2
MT	9	R2	5427	R1	FALSE	SP2	TRUE	0	0	0	0	1	0	0	FALSE	0	TRUE	3	0	0	0	7	1	0	FALSE	FALSE	0	Dc	FALSE	FALSE	5	0	No Card	Scored many L4. No defense. Scored one barge algae. Fast.
AO	10	R1	231	R2	FALSE	SP2	TRUE	0	1	0	0	0	0	0	FALSE	0	TRUE		4	2	3	0	0	2	FALSE	FALSE	0	Dc	FALSE	FALSE	4	0	No Card	Phenomenal sidekick, hut will be 1st pick
CM	10	B2	8576	R2	FALSE	SP2	TRUE	0	0	0	0	0	0	0	FALSE	0	TRUE	3	1	0	0	0	3	0	FALSE	FALSE	0	Dc	FALSE	FALSE	3	0	No Card	algae specialist
VR	11	R1	8576	R2	FALSE	SP2	TRUE	0	0	0	0	0	0	0	TRUE	0	FALSE		5	0	0	0	3	0	FALSE	FALSE	0	Dc	FALSE	FALSE	3	0	No Card	decent scoring
pz	10	R3	2587	R2	FALSE	SP2	TRUE	0	0	0	0	1	0	0	FALSE	0	FALSE	3	0	0	1	3	0	2	FALSE	FALSE	0	No	FALSE	FALSE	2	0	No Card	decent scoring
AO	11	R1	8749	R1	FALSE	SP2	TRUE	0	0	0	0	2	0	0	FALSE	0	FALSE	3	0	3	3	3	0	0	FALSE	FALSE	0	Dc	FALSE	FALSE	4	0	No Card	Really solid. Good
CM	12	B2	8732	R3	FALSE	SP2	TRUE	0	0	0	0	0	0	0	FALSE	0	FALSE		0	0	0	0	0	0	TRUE	FALSE	0	P	FALSE	FALSE	3	0	No Card	hit opponent in reef area
pz	12	R3	418	R1	FALSE	SP2	TRUE	0	0	0	0	0	0	0	FALSE	0	FALSE		0	0	0	3	0	0	FALSE	TRUE	0	Dc	FALSE	FALSE	3	0	No Card	missed 5 l4
AO	12	R1	3735	R1	FALSE	SP2	TRUE	0	0	0	0	1	0	0	TRUE	0	TRUE	3	0	0	0	10	0	0	FALSE	FALSE	0	P	FALSE	FALSE	5	0	No Card	Occasional intake issues
MT	12	B3	3735	R1	FALSE	SP2	FALSE	0	0	0	0	1	0	0	FALSE	0	FALSE	3	0	0	0	10	0	0	FALSE	FALSE	0	No	FALSE	FALSE	5	0	No Card	No defense. Scored many L4. Fast
VR	12	R1	5417	R3	FALSE	SP2	TRUE	0	0	0	0	0	0	0	FALSE	0	FALSE		0	1	0	2	0	0	FALSE	FALSE	0	P	FALSE	FALSE	2	0	No Card	Missed a lot of coral, blocked teammates at station
	12	R1	5417	R3	FALSE	SP2	TRUE	0	0	0	0	0	0	0	FALSE	0	FALSE		0	1	0	1	0	0	FALSE	FALSE	0	P	FALSE	FALSE	2	0	No Card	Very inaccurate when scoring L4 
CM	13	B2	2714	R1	FALSE	SP2	TRUE	0	0	0	0	1	0	0	FALSE	0	TRUE		2	0	2	6	0	0	FALSE	FALSE	0	Dc	FALSE	FALSE	4	0	No Card	
AZS	14	R1	8177	R2	FALSE	SP2	TRUE	0	0	0	0	0	0	0	FALSE	0	FALSE	3	0	0	2	3	0	0	FALSE	FALSE	0	Dc	FALSE	FALSE	3	0	No Card	
CM	14	B2	2714	R1	FALSE	SP2	TRUE	0	0	0	0	1	0	0	FALSE	0	TRUE		0	0	1	4	0	0	FALSE	FALSE	0	P	FALSE	FALSE	3	0	No Card	solid
VR	13	B2	4610	R2	FALSE	SP1	TRUE	0	0	0	0	0	0	0	FALSE	0	FALSE		0	0	1	0	0	2	FALSE	FALSE	0	No	FALSE	FALSE	1	0	No Card	Poor alignment, inconsistent
AO	13	R1	8088	R2	FALSE	SP2	FALSE	0	0	0	0	0	0	0	FALSE	0	FALSE		2	5	0	0	0	0	FALSE	FALSE	0	P	FALSE	FALSE	3	0	No Card	Sidekick, nothing else
pz	14	B3	8573	R1	FALSE	SP2	TRUE	0	0	0	0	0	0	0	FALSE	0	FALSE		0	0	0	0	0	0	TRUE	FALSE	0	P	FALSE	FALSE	1	0	No Card	coral stuck in robot, not good defense bot other robots got past easily
AO	14	R1	7312	R3	FALSE	SP2	TRUE	0	0	0	0	0	0	0	FALSE	0	TRUE	3	0	0	0	2	1	0	FALSE	FALSE	0	P	FALSE	FALSE	2	0	No Card	Really bad at lining up
VR	14	B1	9506	R3	FALSE	SP2	TRUE	0	0	0	0	0	0	0	FALSE	0	FALSE		1	0	0	4	0	0	FALSE	FALSE	0	Dc	FALSE	FALSE	2	0	No Card	Slow but fairly accurate
AZS	14	B2	9137	R2	FALSE	SP2	TRUE	0	0	0	0	0	0	0	FALSE	0	TRUE	3	0	0	2	1	0	0	FALSE	FALSE	0	P	FALSE	FALSE	2	0	No Card	
CM	15	B2	3035	R1	FALSE	SP2	TRUE	0	0	0	0	1	0	0	FALSE	0	TRUE		1	2	3	1	0	2	FALSE	FALSE	0	Dc	FALSE	FALSE	3	0	No Card	a lot better from victoria. intake is small so hard for HP but not that big problem
pz	15	R3	4734	R1	FALSE	SP2	TRUE	0	0	0	0	0	0	0	FALSE	0	TRUE	3	0	0	2	3	0	1	FALSE	FALSE	0	Dc	FALSE	FALSE	3	0	No Card	missed 2 l3 coral, deep climb 
AZS	15	B3	2158	R2	FALSE	SP2	TRUE	0	0	0	0	0	0	0	FALSE	0	FALSE		16	0	0	0	0	0	FALSE	FALSE	0	No	FALSE	FALSE	4	0	No Card	
AO	15	R1	6974	R2	FALSE	SP2	TRUE	0	0	0	0	0	0	0	FALSE	0	TRUE	3	3	0	0	0	0	1	FALSE	FALSE	0	No	FALSE	FALSE	2	0	No Card	Kinda bad
pz	16	R3	2587	R2	FALSE	SP2	TRUE	0	0	0	0	1	0	0	FALSE	0	FALSE	3	0	2	3	1	0	2	FALSE	FALSE	0	P	FALSE	FALSE	3	0	No Card	good scorer
VR	17	B3	6672	R3	FALSE	SP2	TRUE	0	0	0	0	1	0	0	FALSE	0	TRUE		0	0	1	3	0	0	FALSE	FALSE	0	Fc	FALSE	FALSE	3	0	No Card	Fast cycles, but dropped a lot of coral
AZS	17	R1	5417	R2	FALSE	SP2	TRUE	0	0	0	0	0	0	0	FALSE	0	TRUE		0	0	0	0	0	0	FALSE	FALSE	0	No	FALSE	FALSE	1	2	No Card	Does not have an auton to remove algae, played defense because coral was stuck in the robot 
CM	18	R2	5261	R2	FALSE	SP2	TRUE	0	0	0	0	0	0	0	FALSE	0	TRUE		1	5	3	0	0	0	FALSE	FALSE	0	No	FALSE	FALSE	2	0	No Card	they»re not high enough for L4
MT	18	R1	10518	R3	FALSE	SP2	TRUE	0	0	0	0	0	0	0	FALSE	0	FALSE	1	0	0	0	0	0	0	TRUE	FALSE	0	P	FALSE	FALSE	1	4	No Card	No offense. Defend well
AO	18	R1	8749	R1	FALSE	SP2	TRUE	0	0	0	0	0	0	0	FALSE	0	FALSE	3	0	0	0	4	0	0	FALSE	FALSE	0	Dc	FALSE	FALSE	3	0	No Card	Good, no further comments
CM	19	R2	3735	R2	FALSE	SP2	TRUE	0	0	0	0	0	0	0	FALSE	0	FALSE		1	0	4	2	0	0	FALSE	FALSE	0	P	FALSE	FALSE	3	0	No Card	takes long time to get from HP sometimes
MT	19	R1	3735	R2	FALSE	SP2	TRUE	0	0	0	0	0	0	0	FALSE	0	FALSE	3	0	0	5	5	0	0	FALSE	FALSE	0	No	FALSE	FALSE	5	0	No Card	Scored many L4 and L3. No defense
pz	19	B1	7312	R1	FALSE	SP2	TRUE	0	0	0	0	0	0	0	FALSE	0	FALSE	3	0	0	0	0	0	0	TRUE	FALSE	0	P	FALSE	FALSE	1	4	No Card	very good defense, blocked off a human player station by themselves 
CM	20	R2	2714	R3	FALSE	SP2	TRUE	0	0	0	0	2	0	0	FALSE	0	FALSE		0	0	7	5	0	0	FALSE	FALSE	0	Dc	FALSE	FALSE	5	0	No Card	absolutely amazing at coral
pz	20	B2	3035	R3	FALSE	SP2	TRUE	0	0	0	0	2	0	0	FALSE	0	FALSE	3	0	2	1	1	0	0	FALSE	FALSE	0	P	FALSE	FALSE	1	0	No Card	lost connection during the beginning of the match, came back at 35 seconds left
MT	20	B1	8576	R2	FALSE	SP2	FALSE	0	0	0	0	0	0	0	FALSE	0	TRUE		0	0	0	0	8	0	TRUE	FALSE	0	Dc	FALSE	FALSE	5	0	No Card	No defense. Scored many algae. No coral
CM	21	R2	9492	R1	FALSE	SP2	TRUE	0	0	0	0	2	0	0	FALSE	0	FALSE		0	3	1	4	0	0	FALSE	FALSE	0	Dc	FALSE	FALSE	4	0	No Card	
pz	21	B1	4734	R2	FALSE	SP2	TRUE	0	0	0	0	0	0	0	FALSE	0	TRUE	3	0	2	2	1	0	0	FALSE	FALSE	0	P	FALSE	FALSE	2	0	No Card	ok sidekick, scored few l2 and l3
AZS	21	R1	8177	R2	FALSE	SP2	TRUE	0	0	0	0	0	0	0	FALSE	0	FALSE	3	0	2	2	2	0	0	FALSE	FALSE	0	Dc	FALSE	FALSE	3	0	No Card	
AZS	19	R1	2881	R3	FALSE	SP2	TRUE	0	0	0	0	2	0	0	FALSE	0	FALSE	3	0	0	0	8	0	0	FALSE	FALSE	0	Dc	FALSE	FALSE	4	0	No Card	
AZS	23	R1	0	R2	FALSE	SP2	TRUE	0	2	0	0	0	0	0	FALSE	0	FALSE	2	5	0	0	1	0	0	FALSE	FALSE	0	No	FALSE	FALSE	4	0	No Card	
AZS	22	B2	9137	R2	FALSE	SP2	TRUE	0	0	0	0	1	0	0	FALSE	0	FALSE		0	0	0	0	0	0	TRUE	FALSE	0	No	FALSE	FALSE	1	2	No Card	
AZS	22	B1	4364	R1	FALSE	SP2	TRUE	0	0	0	0	0	0	0	FALSE	0	FALSE	3	0	0	0	4	0	0	FALSE	FALSE	0	No	FALSE	FALSE	2	0	No Card	Missed on L4 twice 
AZS	24	B3	2881	R1	FALSE	SP2	TRUE	0	0	0	0	1	0	0	FALSE	0	TRUE		0	4	2	6	0	0	FALSE	FALSE	0	Dc	FALSE	FALSE	4	0	No Card	
CM	24	R2	8088	R2	FALSE	SP2	FALSE	0	0	0	0	0	0	0	FALSE	0	FALSE		0	1	2	2	0	0	FALSE	FALSE	0	Dc	FALSE	FALSE	2	0	No Card	deep climb but coral a little slow 
MT	22	R2	4153	R2	FALSE	SP2	TRUE	0	1	0	0	0	0	0	FALSE	0	FALSE	3	4	0	0	0	0	0	FALSE	TRUE	0	Fc	FALSE	FALSE	2	0	No Card	No defense. Scored only l1
pz	25	R2	3035	R3	FALSE	SP2	TRUE	0	0	0	0	1	0	0	FALSE	0	FALSE	3	1	1	1	5	0	0	FALSE	FALSE	0	Dc	FALSE	FALSE	4	0	No Card	scored most of the l4 coral
AO	25	R1	231	R1	FALSE	SP2	TRUE	0	1	0	0	0	0	0	FALSE	0	TRUE		3	2	3	4	0	0	FALSE	FALSE	0	Dc	FALSE	FALSE	5	0	No Card	Well rounded scoring 
MT	25	B3	5103	R2	FALSE	SP2	TRUE	0	0	0	0	0	0	0	FALSE	0	FALSE	3	0	1	1	5	0	0	FALSE	FALSE	0	No	FALSE	FALSE	3	0	No Card	Slow. Scored decent amount of coral. No defense.
MT	26	B1	5427	R1	FALSE	SP2	TRUE	0	0	1	0	0	0	0	FALSE	0	TRUE		0	4	3	4	0	1	FALSE	FALSE	0	No	FALSE	FALSE	4	0	No Card	Scored many. No defense. No park
CM	25	R2	9137	R2	FALSE	SP2	TRUE	0	0	0	0	1	0	0	FALSE	0	FALSE		0	0	3	3	0	0	FALSE	FALSE	0	No	FALSE	FALSE	3	0	No Card	
AZS	27	R1	9137	R2	FALSE	SP2	TRUE	0	0	0	0	0	0	0	FALSE	0	FALSE		1	0	4	4	0	0	FALSE	FALSE	0	No	FALSE	FALSE	3	0	No Card	
MT	27	B1	10518	R2	FALSE	SP2	FALSE	0	0	0	0	0	0	0	FALSE	0	FALSE	3	0	0	0	2	0	0	FALSE	FALSE	0	No	TRUE	FALSE	2	0	No Card	Scored very few. Died. No offense
pz	27	B2	2587	R2	FALSE	SP2	TRUE	0	0	0	0	1	0	0	FALSE	0	FALSE	3	0	0	0	6	0	0	FALSE	FALSE	0	P	FALSE	FALSE	4	0	No Card	scored all l4 coral
CM	26	R2	7192	R2	FALSE	SP2	TRUE	0	0	0	0	0	0	0	FALSE	0	FALSE		0	0	0	6	0	0	FALSE	FALSE	0	P	FALSE	FALSE	3	0	No Card	misses L4 sometimes
pz	28	R2	8574	R2	FALSE	SP2	FALSE	0	0	0	0	0	0	0	FALSE	0	FALSE		0	0	0	0	0	0	FALSE	FALSE	0	No	FALSE	FALSE	1	0	No Card	did not move the entire match 
MT	28	B2	3735	R2	FALSE	SP2	TRUE	0	0	0	0	0	0	0	FALSE	0	FALSE	3	0	1	0	2	0	0	FALSE	FALSE	0	P	FALSE	FALSE	2	0	No Card	
CM	27	R2	9492	R2	FALSE	SP2	TRUE	0	0	0	0	1	0	0	FALSE	0	TRUE	3	2	3	4	2	0	0	FALSE	FALSE	0	No	FALSE	FALSE	3	0	No Card	
AZS	29	B3	8177	R2	FALSE	SP2	TRUE	0	0	0	0	0	0	0	FALSE	0	FALSE	3	0	0	3	1	0	0	FALSE	FALSE	0	Dc	FALSE	FALSE	4	0	No Card	
AZS	29	R1	4364	R1	FALSE	SP1	TRUE	0	0	0	0	0	0	0	FALSE	0	FALSE		0	0	0	0	0	0	TRUE	FALSE	0	No	FALSE	FALSE	1	4	No Card	
AZS	30	B2	2158	R2	FALSE	SP2	TRUE	0	0	0	0	0	0	0	FALSE	0	FALSE		11	0	0	1	0	0	FALSE	FALSE	0	P	FALSE	FALSE	4	0	No Card	
CM	31	R2	4610	R2	FALSE	SP2	TRUE	0	0	0	0	0	0	0	FALSE	0	FALSE		0	0	0	0	0	0	FALSE	FALSE	0	P	FALSE	FALSE	1	1	No Card	just went and parked in front of opp HP
pz	29	B1	418	R1	FALSE	SP2	TRUE	0	0	0	0	3	0	0	FALSE	0	FALSE	3	0	1	2	3	0	0	FALSE	FALSE	0	Dc	FALSE	FALSE	3	0	No Card	scored some coral, missed a few 
pz	30	B1	7312	R1	FALSE	SP2	TRUE	0	0	0	0	0	0	0	FALSE	0	TRUE	3	0	1	6	1	0	0	FALSE	FALSE	0	P	FALSE	FALSE	4	0	No Card	good l3 robot, coral pops out from intake sometimes
AZS	32	B2	5417	R1	FALSE	SP2	TRUE	0	0	0	0	0	0	0	FALSE	0	FALSE		0	0	0	0	0	0	TRUE	FALSE	0	P	FALSE	FALSE	1	0	No Card	
AZS	32	R3	9137	R2	FALSE	SP2	TRUE	0	0	0	0	0	0	0	FALSE	0	FALSE		0	0	0	0	0	0	TRUE	FALSE	0	No	FALSE	FALSE	1	1	No Card	
CM	32	R2	3035	R1	FALSE	SP2	FALSE	0	0	0	0	1	0	0	FALSE	0	TRUE		0	0	0	8	0	0	FALSE	FALSE	0	P	FALSE	FALSE	3	0	No Card	working auto align
AZS	34	R2	4364	R3	FALSE	SP2	TRUE	0	0	0	0	0	0	0	FALSE	0	FALSE		2	0	0	0	0	0	FALSE	FALSE	0	P	FALSE	FALSE	2	0	No Card	Wrist is very shaky and keeps dropping the coral 
AZS	36	R2	2881	R1	FALSE	SP2	TRUE	0	0	0	0	1	0	0	FALSE	0	TRUE		0	5	2	1	0	0	FALSE	FALSE	0	Dc	FALSE	FALSE	5	0	No Card	
AZS	14	B2	9137	R2	FALSE	SP2	TRUE	0	0	0	0	0	0	0	FALSE	0	TRUE	3	0	0	2	1	No Card											
pz	37	R1	4734	R3	FALSE	SP2	TRUE	0	0	0	0	1	0	0	FALSE	0	FALSE	3	0	1	3	0	0	0	FALSE	FALSE	0	Dc	FALSE	FALSE	3	0	No Card	got hang off decent l3 scoring
CM	37	R2	9105	R1	FALSE	SP2	TRUE	0	0	0	0	2	0	0	FALSE	0	FALSE		1	0	5	2	2	0	FALSE	FALSE	0	Dc	FALSE	FALSE	3	0	No Card	 
AZS	37	B1	8177	R2	FALSE	SP2	TRUE	0	0	0	0	0	0	0	FALSE	0	FALSE		3	1	1	2	0	0	FALSE	FALSE	0	Dc	FALSE	FALSE	4	0	No Card	
AZS	37	R2	2158	R2	FALSE	SP2	TRUE	0	1	0	0	0	0	0	FALSE	0	FALSE		11	1	0	3	0	0	FALSE	FALSE	0	P	FALSE	FALSE	4	0	No Card	A bit slow to score L4 but very accurate
AZS	38	B2	5417	R1	FALSE	SP2	TRUE	0	1	0	0	0	0	0	FALSE	0	FALSE		1	0	6	0	0	0	FALSE	FALSE	0	P	FALSE	FALSE	4	0	No Card	
pz	38	B3	8573	R3	FALSE	SP2	TRUE	0	0	0	0	0	0	0	FALSE	0	FALSE	3	0	4	2	0	0	0	FALSE	FALSE	0	P	FALSE	FALSE	3	0	No Card	decent l2 and l3 scorer 5-6 per match
CM	40	R2	5427	R1	FALSE	SP2	TRUE	0	1	0	0	0	0	0	FALSE	0	FALSE		0	1	1	8	0	0	FALSE	FALSE	0	Dc	FALSE	FALSE	4	0	No Card	  
pz	39	B2	2587	R2	FALSE	SP2	TRUE	0	0	0	0	1	0	0	FALSE	0	TRUE	3	0	0	0	0	0	4	FALSE	FALSE	0	No	FALSE	FALSE	3	0	No Card	got coral stuck on robot, funnel very complex only hp can do, good processor algae scorer
MT	39	B3	5427	R1	FALSE	SP2	TRUE	0	0	0	0	0	0	0	FALSE	0	TRUE	3	0	1	2	8	0	0	FALSE	FALSE	0	Dc	FALSE	FALSE	5	0	No Card	Scored many L4 and some L3. Auton does not score. No defense
AZS	39	R3	9137	R2	FALSE	SP2	TRUE	0	0	0	0	0	0	0	TRUE	0	FALSE	3	1	0	1	3	0	0	FALSE	FALSE	0	P	FALSE	FALSE	3	0	No Card	
pz	40	B1	418	R3	FALSE	SP2	TRUE	0	0	0	0	1	0	0	FALSE	0	FALSE		0	0	2	6	0	0	FALSE	FALSE	0	No	FALSE	FALSE	4	0	No Card	good l4 scorer, scored most of the l4 coral
MT	40	R3	4153	R2	FALSE	SP2	TRUE	0	0	0	0	0	0	0	FALSE	0	FALSE	3	0	2	3	0	0	0	FALSE	FALSE	0	Dc	FALSE	FALSE	3	0	No Card	Scored some. Very slow. Consistent scoring L3/L2
CM	41	R2	9492	R2	FALSE	SP2	TRUE	0	0	0	0	1	0	0	FALSE	0	FALSE		1	2	0	5	0	0	FALSE	FALSE	0	Dc	FALSE	FALSE	3	0	No Card	
MT	41	B1	5103	R2	FALSE	SP2	TRUE	0	0	0	0	0	0	0	FALSE	0	FALSE	3	0	5	0	1	0	0	FALSE	TRUE	0	P	FALSE	FALSE	3	0	No Card	Scored decent amount of coral. A little inconsistent with scoring. No defense. No algae.
CM	42	R2	8576	R3	FALSE	SP2	TRUE	0	0	0	0	0	0	0	TRUE	0	FALSE		0	0	0	0	6	0	FALSE	FALSE	0	No	FALSE	TRUE	3	0	No Card	tipped over on algae but is an algae beast fr
MT	42	B1	8576	R3	FALSE	SP2	TRUE	0	0	0	0	0	0	0	TRUE	0	TRUE		0	0	0	0	6	0	FALSE	FALSE	0	No	FALSE	TRUE	4	0	No Card	Scored many barge algae. Consistent scoring. Tipped over. No defense
AZS	42	B3	8177	R2	FALSE	SP2	TRUE	0	0	0	0	0	0	0	FALSE	0	FALSE	3	0	0	1	4	0	0	FALSE	FALSE	0	P	FALSE	FALSE	4	0	No Card	
AZS	42	B2	2158	R1	FALSE	SP2	TRUE	0	2	0	0	0	0	0	FALSE	0	FALSE		6	0	0	2	0	0	FALSE	FALSE	0	P	FALSE	FALSE	4	0	No Card	
CM	43	R2	6672	R2	FALSE	SP2	TRUE	0	0	0	0	1	0	0	FALSE	0	TRUE		0	0	4	1	1	0	FALSE	FALSE	0	Dc	FALSE	FALSE	3	0	No Card	fast but sometimes inaccurate L3
CM	44	R2	8088	R1	FALSE	SP2	FALSE	0	0	0	0	0	0	0	FALSE	0	FALSE		0	4	0	4	0	0	FALSE	FALSE	0	P	FALSE	FALSE	3	0	No Card	can»t drive off the line in auton. also takes a long time to climb 
CM	45	R2	3735	R2	FALSE	SP2	TRUE	0	0	0	0	0	0	0	FALSE	0	FALSE		1	0	1	3	0	0	FALSE	FALSE	0	P	FALSE	FALSE	3	0	No Card	sometimes stuff falls out of intake + hard to get into intake
MT	45	B2	3735	R2	FALSE	SP2	TRUE	0	0	0	0	1	0	0	FALSE	0	FALSE	3	1	0	1	3	0	0	FALSE	FALSE	0	P	FALSE	FALSE	3	0	No Card	Scored consistently. Slow. Did not attempt scoring very much. No defense
AZS	45	R3	4364	R2	FALSE	SP1	TRUE	0	0	0	0	0	0	0	FALSE	0	FALSE		0	0	0	0	0	0	TRUE	FALSE	0	P	FALSE	FALSE	1	4	No Card	
MT	46	R3	5103	R2	FALSE	SP2	TRUE	0	0	0	0	1	0	0	FALSE	0	FALSE		0	1	3	1	0	0	FALSE	TRUE	0	No	FALSE	FALSE	4	0	No Card	Scored few. Consistent scoring. No defense.
CM	47	R2	10518	R2	FALSE	SP2	TRUE	0	0	0	0	0	0	0	FALSE	0	FALSE		4	0	0	0	0	0	FALSE	FALSE	0	No	FALSE	FALSE	3	0	No Card	ground ¬> L1
pz	47	R2	9658	R3	FALSE	SP2	TRUE	0	0	0	0	0	0	0	FALSE	0	TRUE	3	0	1	1	0	0	0	FALSE	FALSE	0	P	FALSE	FALSE	2	4	No Card	ok robot low scoring 
AO	47	R1	4610	R3	FALSE	SP2	TRUE	0	0	0	0	0	0	0	FALSE	0	TRUE	3	1	0	5	0	0	0	FALSE	FALSE	0	P	FALSE	FALSE	2	0	No Card	Not fantastic
AZS	47	R3	8177	R2	FALSE	SP2	TRUE	0	0	0	0	0	0	0	FALSE	0	FALSE		0	0	0	7	0	0	FALSE	FALSE	0	Fc	FALSE	FALSE	4	0	No Card	Im not sure if the failed hang was because there wasn»t enough time or because of problems with clim
MT	47	B3	10518	R2	FALSE	SP2	TRUE	0	0	0	0	0	0	0	FALSE	0	FALSE		6	0	0	0	0	0	FALSE	FALSE	0	No	FALSE	FALSE	2	0	No Card	
AZS	47	B2	5417	R1	FALSE	SP2	TRUE	0	0	0	0	0	0	0	FALSE	0	FALSE		0	2	4	0	0	0	FALSE	FALSE	0	P	FALSE	FALSE	4	0	No Card	L4 scoring wasn»t working 